<?xml version="1.0" encoding="UTF-8"?>
<root>
  <item name="com.inlocomedia.android.ads.AdRequest int getTaggedForChildren()">
    <annotation name="android.support.annotation.IntDef">
      <val name="value" val="{com.inlocomedia.android.ads.AdRequest.TAGGED_CHILDREN_TRUE, com.inlocomedia.android.ads.AdRequest.TAGGED_CHILDREN_FALSE, com.inlocomedia.android.ads.AdRequest.TAGGED_CHILDREN_UNSPECIFIED}" />
    </annotation>
  </item>
  <item name="com.inlocomedia.android.ads.AdRequest mTaggedForChildren">
    <annotation name="android.support.annotation.IntDef">
      <val name="value" val="{com.inlocomedia.android.ads.AdRequest.TAGGED_CHILDREN_TRUE, com.inlocomedia.android.ads.AdRequest.TAGGED_CHILDREN_FALSE, com.inlocomedia.android.ads.AdRequest.TAGGED_CHILDREN_UNSPECIFIED}" />
    </annotation>
  </item>
  <item name="com.inlocomedia.android.ads.AdRequest.TaggedForChildren">
    <annotation name="android.support.annotation.IntDef">
      <val name="value" val="{com.inlocomedia.android.ads.AdRequest.TAGGED_CHILDREN_TRUE, com.inlocomedia.android.ads.AdRequest.TAGGED_CHILDREN_FALSE, com.inlocomedia.android.ads.AdRequest.TAGGED_CHILDREN_UNSPECIFIED}" />
    </annotation>
  </item>
  <item name="com.inlocomedia.android.ads.AdView mLoadState">
    <annotation name="android.support.annotation.IntDef">
      <val name="value" val="{com.inlocomedia.android.ads.AdView.UNLOADED, com.inlocomedia.android.ads.AdView.LOADING, com.inlocomedia.android.ads.AdView.DEFAULT, com.inlocomedia.android.ads.AdView.RESIZED, com.inlocomedia.android.ads.AdView.EXPANDED, com.inlocomedia.android.ads.AdView.ON_AD_ERROR, com.inlocomedia.android.ads.AdView.DESTROYED}" />
    </annotation>
  </item>
</root>

