<?xml version="1.0" encoding="UTF-8"?>
<root>
  <item name="com.inlocomedia.android.location.visits.VisitManager void onStateUpdate(int, com.inlocomedia.android.location.visits.OutdoorFingerprint, com.inlocomedia.android.location.visits.OutdoorFingerprint) 0">
    <annotation name="android.support.annotation.IntDef">
      <val name="value" val="{com.inlocomedia.android.location.visits.VisitsDetector.IN_TRANSIT, com.inlocomedia.android.location.visits.VisitsDetector.STATIONARY}" />
    </annotation>
  </item>
  <item name="com.inlocomedia.android.location.visits.VisitsDb java.lang.Integer getState()">
    <annotation name="android.support.annotation.IntDef">
      <val name="value" val="{com.inlocomedia.android.location.visits.VisitsDetector.IN_TRANSIT, com.inlocomedia.android.location.visits.VisitsDetector.STATIONARY}" />
    </annotation>
  </item>
  <item name="com.inlocomedia.android.location.visits.VisitsDb void saveState(int) 0">
    <annotation name="android.support.annotation.IntDef">
      <val name="value" val="{com.inlocomedia.android.location.visits.VisitsDetector.IN_TRANSIT, com.inlocomedia.android.location.visits.VisitsDetector.STATIONARY}" />
    </annotation>
  </item>
  <item name="com.inlocomedia.android.location.visits.VisitsDetector void onStateUpdate(int, com.inlocomedia.android.location.visits.OutdoorFingerprint, com.inlocomedia.android.location.visits.OutdoorFingerprint) 0">
    <annotation name="android.support.annotation.IntDef">
      <val name="value" val="{com.inlocomedia.android.location.visits.VisitsDetector.IN_TRANSIT, com.inlocomedia.android.location.visits.VisitsDetector.STATIONARY}" />
    </annotation>
  </item>
  <item name="com.inlocomedia.android.location.visits.VisitsDetector.MovingState">
    <annotation name="android.support.annotation.IntDef">
      <val name="value" val="{com.inlocomedia.android.location.visits.VisitsDetector.IN_TRANSIT, com.inlocomedia.android.location.visits.VisitsDetector.STATIONARY}" />
    </annotation>
  </item>
  <item name="com.inlocomedia.android.location.visits.VisitsListener void onStateUpdate(int, com.inlocomedia.android.location.visits.OutdoorFingerprint, com.inlocomedia.android.location.visits.OutdoorFingerprint) 0">
    <annotation name="android.support.annotation.IntDef">
      <val name="value" val="{com.inlocomedia.android.location.visits.VisitsDetector.IN_TRANSIT, com.inlocomedia.android.location.visits.VisitsDetector.STATIONARY}" />
    </annotation>
  </item>
  <item name="com.inlocomedia.android.location.visits.VisitsPredictor void onStateUpdate(int, com.inlocomedia.android.location.visits.OutdoorFingerprint, com.inlocomedia.android.location.visits.OutdoorFingerprint) 0">
    <annotation name="android.support.annotation.IntDef">
      <val name="value" val="{com.inlocomedia.android.location.visits.VisitsDetector.IN_TRANSIT, com.inlocomedia.android.location.visits.VisitsDetector.STATIONARY}" />
    </annotation>
  </item>
</root>

