<?xml version="1.0" encoding="UTF-8"?>
<root>
  <item name="com.inlocomedia.android.core.schedulers.job_scheduler.Job com.inlocomedia.android.core.schedulers.job_scheduler.Job setBackoffPolicy(int) 0">
    <annotation name="android.support.annotation.IntDef">
      <val name="value" val="{com.inlocomedia.android.core.schedulers.job_scheduler.Job.RETRY_POLICY_LINEAR, com.inlocomedia.android.core.schedulers.job_scheduler.Job.RETRY_POLICY_EXPONENTIAL}" />
    </annotation>
  </item>
  <item name="com.inlocomedia.android.core.schedulers.job_scheduler.Job com.inlocomedia.android.core.schedulers.job_scheduler.Job setNetworkType(int) 0">
    <annotation name="android.support.annotation.IntDef">
      <val name="value" val="{com.inlocomedia.android.core.schedulers.job_scheduler.Job.NETWORK_TYPE_NONE, com.inlocomedia.android.core.schedulers.job_scheduler.Job.NETWORK_TYPE_ANY, com.inlocomedia.android.core.schedulers.job_scheduler.Job.NETWORK_TYPE_WIFI}" />
    </annotation>
  </item>
  <item name="com.inlocomedia.android.core.schedulers.job_scheduler.Job int getBackoffPolicy()">
    <annotation name="android.support.annotation.IntDef">
      <val name="value" val="{com.inlocomedia.android.core.schedulers.job_scheduler.Job.RETRY_POLICY_LINEAR, com.inlocomedia.android.core.schedulers.job_scheduler.Job.RETRY_POLICY_EXPONENTIAL}" />
    </annotation>
  </item>
  <item name="com.inlocomedia.android.core.schedulers.job_scheduler.Job int getNetworkType()">
    <annotation name="android.support.annotation.IntDef">
      <val name="value" val="{com.inlocomedia.android.core.schedulers.job_scheduler.Job.NETWORK_TYPE_NONE, com.inlocomedia.android.core.schedulers.job_scheduler.Job.NETWORK_TYPE_ANY, com.inlocomedia.android.core.schedulers.job_scheduler.Job.NETWORK_TYPE_WIFI}" />
    </annotation>
  </item>
  <item name="com.inlocomedia.android.core.schedulers.job_scheduler.Job mBackoffPolicy">
    <annotation name="android.support.annotation.IntDef">
      <val name="value" val="{com.inlocomedia.android.core.schedulers.job_scheduler.Job.RETRY_POLICY_LINEAR, com.inlocomedia.android.core.schedulers.job_scheduler.Job.RETRY_POLICY_EXPONENTIAL}" />
    </annotation>
  </item>
  <item name="com.inlocomedia.android.core.schedulers.job_scheduler.Job mNetworkType">
    <annotation name="android.support.annotation.IntDef">
      <val name="value" val="{com.inlocomedia.android.core.schedulers.job_scheduler.Job.NETWORK_TYPE_NONE, com.inlocomedia.android.core.schedulers.job_scheduler.Job.NETWORK_TYPE_ANY, com.inlocomedia.android.core.schedulers.job_scheduler.Job.NETWORK_TYPE_WIFI}" />
    </annotation>
  </item>
  <item name="com.inlocomedia.android.core.schedulers.job_scheduler.Job mStatus">
    <annotation name="android.support.annotation.IntDef">
      <val name="value" val="{com.inlocomedia.android.core.schedulers.job_scheduler.Job.STATUS_TO_DO, com.inlocomedia.android.core.schedulers.job_scheduler.Job.STATUS_WAITING, com.inlocomedia.android.core.schedulers.job_scheduler.Job.STATUS_IN_PROGRESS}" />
    </annotation>
  </item>
  <item name="com.inlocomedia.android.core.schedulers.job_scheduler.Job.BackoffPolicy">
    <annotation name="android.support.annotation.IntDef">
      <val name="value" val="{com.inlocomedia.android.core.schedulers.job_scheduler.Job.RETRY_POLICY_LINEAR, com.inlocomedia.android.core.schedulers.job_scheduler.Job.RETRY_POLICY_EXPONENTIAL}" />
    </annotation>
  </item>
  <item name="com.inlocomedia.android.core.schedulers.job_scheduler.Job.NetworkType">
    <annotation name="android.support.annotation.IntDef">
      <val name="value" val="{com.inlocomedia.android.core.schedulers.job_scheduler.Job.NETWORK_TYPE_NONE, com.inlocomedia.android.core.schedulers.job_scheduler.Job.NETWORK_TYPE_ANY, com.inlocomedia.android.core.schedulers.job_scheduler.Job.NETWORK_TYPE_WIFI}" />
    </annotation>
  </item>
  <item name="com.inlocomedia.android.core.schedulers.job_scheduler.JobScheduler void modifyJobStatus(com.inlocomedia.android.core.schedulers.job_scheduler.Job, int) 1">
    <annotation name="android.support.annotation.IntDef">
      <val name="value" val="{com.inlocomedia.android.core.schedulers.job_scheduler.Job.STATUS_TO_DO, com.inlocomedia.android.core.schedulers.job_scheduler.Job.STATUS_WAITING, com.inlocomedia.android.core.schedulers.job_scheduler.Job.STATUS_IN_PROGRESS}" />
    </annotation>
  </item>
</root>

