<?xml version="1.0" encoding="UTF-8"?>
<root>
  <item name="com.inlocomedia.android.location.battery.BatteryEvent BatteryEvent(com.inlocomedia.android.location.battery.BatteryInfo, int, int) 1">
    <annotation name="android.support.annotation.IntDef">
      <val name="value" val="{com.inlocomedia.android.location.battery.BatteryEvent.POWER_CONNECTED, com.inlocomedia.android.location.battery.BatteryEvent.POWER_DISCONNECTED}" />
    </annotation>
  </item>
  <item name="com.inlocomedia.android.location.battery.BatteryEvent BatteryEvent(com.inlocomedia.android.location.battery.BatteryInfo, int, int) 2">
    <annotation name="android.support.annotation.IntDef">
      <val name="value" val="{com.inlocomedia.android.location.battery.BatteryEvent.BATTERY_LOW, com.inlocomedia.android.location.battery.BatteryEvent.BATTERY_OKAY}" />
    </annotation>
  </item>
  <item name="com.inlocomedia.android.location.battery.BatteryEvent batteryConnection">
    <annotation name="android.support.annotation.IntDef">
      <val name="value" val="{com.inlocomedia.android.location.battery.BatteryEvent.POWER_CONNECTED, com.inlocomedia.android.location.battery.BatteryEvent.POWER_DISCONNECTED}" />
    </annotation>
  </item>
  <item name="com.inlocomedia.android.location.battery.BatteryEvent batteryState">
    <annotation name="android.support.annotation.IntDef">
      <val name="value" val="{com.inlocomedia.android.location.battery.BatteryEvent.BATTERY_LOW, com.inlocomedia.android.location.battery.BatteryEvent.BATTERY_OKAY}" />
    </annotation>
  </item>
  <item name="com.inlocomedia.android.location.battery.BatteryEvent com.inlocomedia.android.location.battery.BatteryEvent setBatteryConnection(int) 0">
    <annotation name="android.support.annotation.IntDef">
      <val name="value" val="{com.inlocomedia.android.location.battery.BatteryEvent.POWER_CONNECTED, com.inlocomedia.android.location.battery.BatteryEvent.POWER_DISCONNECTED}" />
    </annotation>
  </item>
  <item name="com.inlocomedia.android.location.battery.BatteryEvent com.inlocomedia.android.location.battery.BatteryEvent setBatteryState(int) 0">
    <annotation name="android.support.annotation.IntDef">
      <val name="value" val="{com.inlocomedia.android.location.battery.BatteryEvent.BATTERY_LOW, com.inlocomedia.android.location.battery.BatteryEvent.BATTERY_OKAY}" />
    </annotation>
  </item>
  <item name="com.inlocomedia.android.location.battery.BatteryEvent.BatteryConnection">
    <annotation name="android.support.annotation.IntDef">
      <val name="value" val="{com.inlocomedia.android.location.battery.BatteryEvent.POWER_CONNECTED, com.inlocomedia.android.location.battery.BatteryEvent.POWER_DISCONNECTED}" />
    </annotation>
  </item>
  <item name="com.inlocomedia.android.location.battery.BatteryEvent.BatteryState">
    <annotation name="android.support.annotation.IntDef">
      <val name="value" val="{com.inlocomedia.android.location.battery.BatteryEvent.BATTERY_LOW, com.inlocomedia.android.location.battery.BatteryEvent.BATTERY_OKAY}" />
    </annotation>
  </item>
  <item name="com.inlocomedia.android.location.battery.BatteryInfo batteryHealth">
    <annotation name="android.support.annotation.IntDef">
      <val name="value" val="{com.inlocomedia.android.location.battery.BatteryInfo.BATTERY_HEALTH_COLD, com.inlocomedia.android.location.battery.BatteryInfo.BATTERY_HEALTH_DEAD, com.inlocomedia.android.location.battery.BatteryInfo.BATTERY_HEALTH_GOOD, com.inlocomedia.android.location.battery.BatteryInfo.BATTERY_HEALTH_OVERHEAT, com.inlocomedia.android.location.battery.BatteryInfo.BATTERY_HEALTH_OVER_VOLTAGE, com.inlocomedia.android.location.battery.BatteryInfo.BATTERY_HEALTH_UNKNOWN, com.inlocomedia.android.location.battery.BatteryInfo.BATTERY_HEALTH_UNSPECIFIED_FAILURE}" />
    </annotation>
  </item>
  <item name="com.inlocomedia.android.location.battery.BatteryInfo batteryPlugged">
    <annotation name="android.support.annotation.IntDef">
      <val name="value" val="{com.inlocomedia.android.location.battery.BatteryInfo.BATTERY_PLUGGED_AC, com.inlocomedia.android.location.battery.BatteryInfo.BATTERY_PLUGGED_USB, com.inlocomedia.android.location.battery.BatteryInfo.BATTERY_PLUGGED_WIRELESS}" />
    </annotation>
  </item>
  <item name="com.inlocomedia.android.location.battery.BatteryInfo batteryStatus">
    <annotation name="android.support.annotation.IntDef">
      <val name="value" val="{com.inlocomedia.android.location.battery.BatteryInfo.BATTERY_STATUS_CHARGING, com.inlocomedia.android.location.battery.BatteryInfo.BATTERY_STATUS_DISCHARGING, com.inlocomedia.android.location.battery.BatteryInfo.BATTERY_STATUS_FULL, com.inlocomedia.android.location.battery.BatteryInfo.BATTERY_STATUS_NOT_CHARGING, com.inlocomedia.android.location.battery.BatteryInfo.BATTERY_STATUS_UNKNOWN}" />
    </annotation>
  </item>
  <item name="com.inlocomedia.android.location.battery.BatteryInfo.BatteryHealth">
    <annotation name="android.support.annotation.IntDef">
      <val name="value" val="{com.inlocomedia.android.location.battery.BatteryInfo.BATTERY_HEALTH_COLD, com.inlocomedia.android.location.battery.BatteryInfo.BATTERY_HEALTH_DEAD, com.inlocomedia.android.location.battery.BatteryInfo.BATTERY_HEALTH_GOOD, com.inlocomedia.android.location.battery.BatteryInfo.BATTERY_HEALTH_OVERHEAT, com.inlocomedia.android.location.battery.BatteryInfo.BATTERY_HEALTH_OVER_VOLTAGE, com.inlocomedia.android.location.battery.BatteryInfo.BATTERY_HEALTH_UNKNOWN, com.inlocomedia.android.location.battery.BatteryInfo.BATTERY_HEALTH_UNSPECIFIED_FAILURE}" />
    </annotation>
  </item>
  <item name="com.inlocomedia.android.location.battery.BatteryInfo.BatteryPlugged">
    <annotation name="android.support.annotation.IntDef">
      <val name="value" val="{com.inlocomedia.android.location.battery.BatteryInfo.BATTERY_PLUGGED_AC, com.inlocomedia.android.location.battery.BatteryInfo.BATTERY_PLUGGED_USB, com.inlocomedia.android.location.battery.BatteryInfo.BATTERY_PLUGGED_WIRELESS}" />
    </annotation>
  </item>
  <item name="com.inlocomedia.android.location.battery.BatteryInfo.BatteryStatus">
    <annotation name="android.support.annotation.IntDef">
      <val name="value" val="{com.inlocomedia.android.location.battery.BatteryInfo.BATTERY_STATUS_CHARGING, com.inlocomedia.android.location.battery.BatteryInfo.BATTERY_STATUS_DISCHARGING, com.inlocomedia.android.location.battery.BatteryInfo.BATTERY_STATUS_FULL, com.inlocomedia.android.location.battery.BatteryInfo.BATTERY_STATUS_NOT_CHARGING, com.inlocomedia.android.location.battery.BatteryInfo.BATTERY_STATUS_UNKNOWN}" />
    </annotation>
  </item>
  <item name="com.inlocomedia.android.location.battery.BatteryInfo.Builder batteryHealth">
    <annotation name="android.support.annotation.IntDef">
      <val name="value" val="{com.inlocomedia.android.location.battery.BatteryInfo.BATTERY_HEALTH_COLD, com.inlocomedia.android.location.battery.BatteryInfo.BATTERY_HEALTH_DEAD, com.inlocomedia.android.location.battery.BatteryInfo.BATTERY_HEALTH_GOOD, com.inlocomedia.android.location.battery.BatteryInfo.BATTERY_HEALTH_OVERHEAT, com.inlocomedia.android.location.battery.BatteryInfo.BATTERY_HEALTH_OVER_VOLTAGE, com.inlocomedia.android.location.battery.BatteryInfo.BATTERY_HEALTH_UNKNOWN, com.inlocomedia.android.location.battery.BatteryInfo.BATTERY_HEALTH_UNSPECIFIED_FAILURE}" />
    </annotation>
  </item>
  <item name="com.inlocomedia.android.location.battery.BatteryInfo.Builder batteryPlugged">
    <annotation name="android.support.annotation.IntDef">
      <val name="value" val="{com.inlocomedia.android.location.battery.BatteryInfo.BATTERY_PLUGGED_AC, com.inlocomedia.android.location.battery.BatteryInfo.BATTERY_PLUGGED_USB, com.inlocomedia.android.location.battery.BatteryInfo.BATTERY_PLUGGED_WIRELESS}" />
    </annotation>
  </item>
  <item name="com.inlocomedia.android.location.battery.BatteryInfo.Builder batteryStatus">
    <annotation name="android.support.annotation.IntDef">
      <val name="value" val="{com.inlocomedia.android.location.battery.BatteryInfo.BATTERY_STATUS_CHARGING, com.inlocomedia.android.location.battery.BatteryInfo.BATTERY_STATUS_DISCHARGING, com.inlocomedia.android.location.battery.BatteryInfo.BATTERY_STATUS_FULL, com.inlocomedia.android.location.battery.BatteryInfo.BATTERY_STATUS_NOT_CHARGING, com.inlocomedia.android.location.battery.BatteryInfo.BATTERY_STATUS_UNKNOWN}" />
    </annotation>
  </item>
  <item name="com.inlocomedia.android.location.battery.BatteryInfo.Builder com.inlocomedia.android.location.battery.BatteryInfo.Builder setBatteryHealth(int) 0">
    <annotation name="android.support.annotation.IntDef">
      <val name="value" val="{com.inlocomedia.android.location.battery.BatteryInfo.BATTERY_HEALTH_COLD, com.inlocomedia.android.location.battery.BatteryInfo.BATTERY_HEALTH_DEAD, com.inlocomedia.android.location.battery.BatteryInfo.BATTERY_HEALTH_GOOD, com.inlocomedia.android.location.battery.BatteryInfo.BATTERY_HEALTH_OVERHEAT, com.inlocomedia.android.location.battery.BatteryInfo.BATTERY_HEALTH_OVER_VOLTAGE, com.inlocomedia.android.location.battery.BatteryInfo.BATTERY_HEALTH_UNKNOWN, com.inlocomedia.android.location.battery.BatteryInfo.BATTERY_HEALTH_UNSPECIFIED_FAILURE}" />
    </annotation>
  </item>
  <item name="com.inlocomedia.android.location.battery.BatteryInfo.Builder com.inlocomedia.android.location.battery.BatteryInfo.Builder setBatteryPlugged(int) 0">
    <annotation name="android.support.annotation.IntDef">
      <val name="value" val="{com.inlocomedia.android.location.battery.BatteryInfo.BATTERY_PLUGGED_AC, com.inlocomedia.android.location.battery.BatteryInfo.BATTERY_PLUGGED_USB, com.inlocomedia.android.location.battery.BatteryInfo.BATTERY_PLUGGED_WIRELESS}" />
    </annotation>
  </item>
  <item name="com.inlocomedia.android.location.battery.BatteryInfo.Builder com.inlocomedia.android.location.battery.BatteryInfo.Builder setBatteryStatus(int) 0">
    <annotation name="android.support.annotation.IntDef">
      <val name="value" val="{com.inlocomedia.android.location.battery.BatteryInfo.BATTERY_STATUS_CHARGING, com.inlocomedia.android.location.battery.BatteryInfo.BATTERY_STATUS_DISCHARGING, com.inlocomedia.android.location.battery.BatteryInfo.BATTERY_STATUS_FULL, com.inlocomedia.android.location.battery.BatteryInfo.BATTERY_STATUS_NOT_CHARGING, com.inlocomedia.android.location.battery.BatteryInfo.BATTERY_STATUS_UNKNOWN}" />
    </annotation>
  </item>
  <item name="com.inlocomedia.android.location.battery.BatteryScanManager void reportBatteryState(int) 0">
    <annotation name="android.support.annotation.IntDef">
      <val name="value" val="{com.inlocomedia.android.location.battery.BatteryEvent.BATTERY_LOW, com.inlocomedia.android.location.battery.BatteryEvent.BATTERY_OKAY}" />
    </annotation>
  </item>
  <item name="com.inlocomedia.android.location.battery.BatteryScanManager void reportPowerConnected(int) 0">
    <annotation name="android.support.annotation.IntDef">
      <val name="value" val="{com.inlocomedia.android.location.battery.BatteryEvent.POWER_CONNECTED, com.inlocomedia.android.location.battery.BatteryEvent.POWER_DISCONNECTED}" />
    </annotation>
  </item>
</root>

