<?xml version="1.0" encoding="UTF-8"?>
<root>
  <item name="com.inlocomedia.android.ads.customAction.calendarEvent.rfc5545.RFC5545RecurrenceRuleConverter java.lang.String convertDayOfWeek(int)">
    <annotation name="android.support.annotation.StringDef">
      <val name="value" val="{com.inlocomedia.android.ads.customAction.calendarEvent.rfc5545.RFC5545RecurrenceRuleConverter.SUNDAY, com.inlocomedia.android.ads.customAction.calendarEvent.rfc5545.RFC5545RecurrenceRuleConverter.MONDAY, com.inlocomedia.android.ads.customAction.calendarEvent.rfc5545.RFC5545RecurrenceRuleConverter.TUESDAY, com.inlocomedia.android.ads.customAction.calendarEvent.rfc5545.RFC5545RecurrenceRuleConverter.WEDNESDAY, com.inlocomedia.android.ads.customAction.calendarEvent.rfc5545.RFC5545RecurrenceRuleConverter.THURSDAY, com.inlocomedia.android.ads.customAction.calendarEvent.rfc5545.RFC5545RecurrenceRuleConverter.FRIDAY, com.inlocomedia.android.ads.customAction.calendarEvent.rfc5545.RFC5545RecurrenceRuleConverter.SATURDAY}" />
    </annotation>
  </item>
  <item name="com.inlocomedia.android.ads.customAction.calendarEvent.rfc5545.RFC5545RecurrenceRuleConverter java.lang.String convertDayOfWeek(int) 0">
    <annotation name="android.support.annotation.IntDef">
      <val name="value" val="{com.inlocomedia.android.ads.customAction.calendarEvent.w3c.W3CCalendarRepeatRule.SUNDAY, com.inlocomedia.android.ads.customAction.calendarEvent.w3c.W3CCalendarRepeatRule.MONDAY, com.inlocomedia.android.ads.customAction.calendarEvent.w3c.W3CCalendarRepeatRule.TUESDAY, com.inlocomedia.android.ads.customAction.calendarEvent.w3c.W3CCalendarRepeatRule.WEDNESDAY, com.inlocomedia.android.ads.customAction.calendarEvent.w3c.W3CCalendarRepeatRule.THURSDAY, com.inlocomedia.android.ads.customAction.calendarEvent.w3c.W3CCalendarRepeatRule.FRIDAY, com.inlocomedia.android.ads.customAction.calendarEvent.w3c.W3CCalendarRepeatRule.SATURDAY}" />
    </annotation>
  </item>
  <item name="com.inlocomedia.android.ads.customAction.calendarEvent.rfc5545.RFC5545RecurrenceRuleConverter java.lang.String convertFrequency(java.lang.String)">
    <annotation name="android.support.annotation.StringDef">
      <val name="value" val="{com.inlocomedia.android.ads.customAction.calendarEvent.rfc5545.RFC5545RecurrenceRuleConverter.SECONDLY, com.inlocomedia.android.ads.customAction.calendarEvent.rfc5545.RFC5545RecurrenceRuleConverter.MINUTELY, com.inlocomedia.android.ads.customAction.calendarEvent.rfc5545.RFC5545RecurrenceRuleConverter.HOURLY, com.inlocomedia.android.ads.customAction.calendarEvent.rfc5545.RFC5545RecurrenceRuleConverter.DAILY, com.inlocomedia.android.ads.customAction.calendarEvent.rfc5545.RFC5545RecurrenceRuleConverter.WEEKLY, com.inlocomedia.android.ads.customAction.calendarEvent.rfc5545.RFC5545RecurrenceRuleConverter.MONTHLY, com.inlocomedia.android.ads.customAction.calendarEvent.rfc5545.RFC5545RecurrenceRuleConverter.YEARLY}" />
    </annotation>
  </item>
  <item name="com.inlocomedia.android.ads.customAction.calendarEvent.rfc5545.RFC5545RecurrenceRuleConverter java.lang.String convertFrequency(java.lang.String) 0">
    <annotation name="android.support.annotation.StringDef">
      <val name="value" val="{com.inlocomedia.android.ads.customAction.calendarEvent.w3c.W3CCalendarRepeatRule.DAILY, com.inlocomedia.android.ads.customAction.calendarEvent.w3c.W3CCalendarRepeatRule.WEEKLY, com.inlocomedia.android.ads.customAction.calendarEvent.w3c.W3CCalendarRepeatRule.MONTHLY, com.inlocomedia.android.ads.customAction.calendarEvent.w3c.W3CCalendarRepeatRule.YEARLY}" />
    </annotation>
  </item>
</root>

