<?xml version="1.0" encoding="UTF-8"?>
<root>
  <item name="com.inlocomedia.android.core.data.remote.SerializedData SerializedData(byte[], int) 1">
    <annotation name="android.support.annotation.IntDef">
      <val name="value" val="{com.inlocomedia.android.core.data.remote.SerializedData.SERIALIZATION_TYPE_NONE, com.inlocomedia.android.core.data.remote.SerializedData.SERIALIZATION_TYPE_JSON, com.inlocomedia.android.core.data.remote.SerializedData.SERIALIZATION_TYPE_PROTOBUF, com.inlocomedia.android.core.data.remote.SerializedData.SERIALIZATION_TYPE_OTHER}" />
    </annotation>
  </item>
  <item name="com.inlocomedia.android.core.data.remote.SerializedData int getType()">
    <annotation name="android.support.annotation.IntDef">
      <val name="value" val="{com.inlocomedia.android.core.data.remote.SerializedData.SERIALIZATION_TYPE_NONE, com.inlocomedia.android.core.data.remote.SerializedData.SERIALIZATION_TYPE_JSON, com.inlocomedia.android.core.data.remote.SerializedData.SERIALIZATION_TYPE_PROTOBUF, com.inlocomedia.android.core.data.remote.SerializedData.SERIALIZATION_TYPE_OTHER}" />
    </annotation>
  </item>
  <item name="com.inlocomedia.android.core.data.remote.SerializedData mType">
    <annotation name="android.support.annotation.IntDef">
      <val name="value" val="{com.inlocomedia.android.core.data.remote.SerializedData.SERIALIZATION_TYPE_NONE, com.inlocomedia.android.core.data.remote.SerializedData.SERIALIZATION_TYPE_JSON, com.inlocomedia.android.core.data.remote.SerializedData.SERIALIZATION_TYPE_PROTOBUF, com.inlocomedia.android.core.data.remote.SerializedData.SERIALIZATION_TYPE_OTHER}" />
    </annotation>
  </item>
  <item name="com.inlocomedia.android.core.data.remote.SerializedData.SerializationType">
    <annotation name="android.support.annotation.IntDef">
      <val name="value" val="{com.inlocomedia.android.core.data.remote.SerializedData.SERIALIZATION_TYPE_NONE, com.inlocomedia.android.core.data.remote.SerializedData.SERIALIZATION_TYPE_JSON, com.inlocomedia.android.core.data.remote.SerializedData.SERIALIZATION_TYPE_PROTOBUF, com.inlocomedia.android.core.data.remote.SerializedData.SERIALIZATION_TYPE_OTHER}" />
    </annotation>
  </item>
</root>

