<?xml version="1.0" encoding="UTF-8"?>
<root>
  <item name="com.inlocomedia.android.location.analytics.LocationAnalyticsManager void registerOnServiceStateChange(java.lang.String) 0">
    <annotation name="android.support.annotation.StringDef">
      <val name="value" val="{com.inlocomedia.android.location.analytics.ServiceTransitionState.SERVICE_START, com.inlocomedia.android.location.analytics.ServiceTransitionState.SERVICE_STOP, com.inlocomedia.android.location.analytics.ServiceTransitionState.SERVICE_DISABLE, com.inlocomedia.android.location.analytics.ServiceTransitionState.ENVIRONMENT_STARTED, com.inlocomedia.android.location.analytics.ServiceTransitionState.ENVIRONMENT_FINISHED}" />
    </annotation>
  </item>
  <item name="com.inlocomedia.android.location.analytics.ServiceTransitionState">
    <annotation name="android.support.annotation.StringDef">
      <val name="value" val="{com.inlocomedia.android.location.analytics.ServiceTransitionState.SERVICE_START, com.inlocomedia.android.location.analytics.ServiceTransitionState.SERVICE_STOP, com.inlocomedia.android.location.analytics.ServiceTransitionState.SERVICE_DISABLE, com.inlocomedia.android.location.analytics.ServiceTransitionState.ENVIRONMENT_STARTED, com.inlocomedia.android.location.analytics.ServiceTransitionState.ENVIRONMENT_FINISHED}" />
    </annotation>
  </item>
</root>

