<?xml version="1.0" encoding="UTF-8"?>
<root>
  <item name="com.inlocomedia.android.ads.customAction.calendarEvent.w3c.W3CCalendarEvent java.lang.String getStatus()">
    <annotation name="android.support.annotation.StringDef">
      <val name="value" val="{com.inlocomedia.android.ads.customAction.calendarEvent.w3c.W3CCalendarEvent.STATUS_PENDING, com.inlocomedia.android.ads.customAction.calendarEvent.w3c.W3CCalendarEvent.STATUS_TENTATIVE, com.inlocomedia.android.ads.customAction.calendarEvent.w3c.W3CCalendarEvent.STATUS_CONFIRMED, com.inlocomedia.android.ads.customAction.calendarEvent.w3c.W3CCalendarEvent.STATUS_CANCELLED}" />
    </annotation>
  </item>
  <item name="com.inlocomedia.android.ads.customAction.calendarEvent.w3c.W3CCalendarEvent java.lang.String getTransparency()">
    <annotation name="android.support.annotation.StringDef">
      <val name="value" val="{com.inlocomedia.android.ads.customAction.calendarEvent.w3c.W3CCalendarEvent.TRANSPARENCY_TRANSPARENT, com.inlocomedia.android.ads.customAction.calendarEvent.w3c.W3CCalendarEvent.TRANSPARENCY_OPAQUE}" />
    </annotation>
  </item>
  <item name="com.inlocomedia.android.ads.customAction.calendarEvent.w3c.W3CCalendarEvent mStatus">
    <annotation name="android.support.annotation.StringDef">
      <val name="value" val="{com.inlocomedia.android.ads.customAction.calendarEvent.w3c.W3CCalendarEvent.STATUS_PENDING, com.inlocomedia.android.ads.customAction.calendarEvent.w3c.W3CCalendarEvent.STATUS_TENTATIVE, com.inlocomedia.android.ads.customAction.calendarEvent.w3c.W3CCalendarEvent.STATUS_CONFIRMED, com.inlocomedia.android.ads.customAction.calendarEvent.w3c.W3CCalendarEvent.STATUS_CANCELLED}" />
    </annotation>
  </item>
  <item name="com.inlocomedia.android.ads.customAction.calendarEvent.w3c.W3CCalendarEvent mTransparency">
    <annotation name="android.support.annotation.StringDef">
      <val name="value" val="{com.inlocomedia.android.ads.customAction.calendarEvent.w3c.W3CCalendarEvent.TRANSPARENCY_TRANSPARENT, com.inlocomedia.android.ads.customAction.calendarEvent.w3c.W3CCalendarEvent.TRANSPARENCY_OPAQUE}" />
    </annotation>
  </item>
  <item name="com.inlocomedia.android.ads.customAction.calendarEvent.w3c.W3CCalendarEvent.Status">
    <annotation name="android.support.annotation.StringDef">
      <val name="value" val="{com.inlocomedia.android.ads.customAction.calendarEvent.w3c.W3CCalendarEvent.STATUS_PENDING, com.inlocomedia.android.ads.customAction.calendarEvent.w3c.W3CCalendarEvent.STATUS_TENTATIVE, com.inlocomedia.android.ads.customAction.calendarEvent.w3c.W3CCalendarEvent.STATUS_CONFIRMED, com.inlocomedia.android.ads.customAction.calendarEvent.w3c.W3CCalendarEvent.STATUS_CANCELLED}" />
    </annotation>
  </item>
  <item name="com.inlocomedia.android.ads.customAction.calendarEvent.w3c.W3CCalendarRepeatRule java.lang.String getFrequency()">
    <annotation name="android.support.annotation.StringDef">
      <val name="value" val="{com.inlocomedia.android.ads.customAction.calendarEvent.w3c.W3CCalendarRepeatRule.DAILY, com.inlocomedia.android.ads.customAction.calendarEvent.w3c.W3CCalendarRepeatRule.WEEKLY, com.inlocomedia.android.ads.customAction.calendarEvent.w3c.W3CCalendarRepeatRule.MONTHLY, com.inlocomedia.android.ads.customAction.calendarEvent.w3c.W3CCalendarRepeatRule.YEARLY}" />
    </annotation>
  </item>
  <item name="com.inlocomedia.android.ads.customAction.calendarEvent.w3c.W3CCalendarRepeatRule.Day">
    <annotation name="android.support.annotation.IntDef">
      <val name="value" val="{com.inlocomedia.android.ads.customAction.calendarEvent.w3c.W3CCalendarRepeatRule.SUNDAY, com.inlocomedia.android.ads.customAction.calendarEvent.w3c.W3CCalendarRepeatRule.MONDAY, com.inlocomedia.android.ads.customAction.calendarEvent.w3c.W3CCalendarRepeatRule.TUESDAY, com.inlocomedia.android.ads.customAction.calendarEvent.w3c.W3CCalendarRepeatRule.WEDNESDAY, com.inlocomedia.android.ads.customAction.calendarEvent.w3c.W3CCalendarRepeatRule.THURSDAY, com.inlocomedia.android.ads.customAction.calendarEvent.w3c.W3CCalendarRepeatRule.FRIDAY, com.inlocomedia.android.ads.customAction.calendarEvent.w3c.W3CCalendarRepeatRule.SATURDAY}" />
    </annotation>
  </item>
  <item name="com.inlocomedia.android.ads.customAction.calendarEvent.w3c.W3CCalendarRepeatRule.Frequency">
    <annotation name="android.support.annotation.StringDef">
      <val name="value" val="{com.inlocomedia.android.ads.customAction.calendarEvent.w3c.W3CCalendarRepeatRule.DAILY, com.inlocomedia.android.ads.customAction.calendarEvent.w3c.W3CCalendarRepeatRule.WEEKLY, com.inlocomedia.android.ads.customAction.calendarEvent.w3c.W3CCalendarRepeatRule.MONTHLY, com.inlocomedia.android.ads.customAction.calendarEvent.w3c.W3CCalendarRepeatRule.YEARLY}" />
    </annotation>
  </item>
</root>

