<?xml version="1.0" encoding="UTF-8"?>
<root>
  <item name="com.inlocomedia.android.location.geofencing.GeofenceMonitoringEvent GeofenceMonitoringEvent(int) 0">
    <annotation name="android.support.annotation.IntDef">
      <val name="value" val="{com.inlocomedia.android.location.geofencing.GeofenceMonitoringEvent.GOOGLE_GEOFENCING_API, com.inlocomedia.android.location.geofencing.GeofenceMonitoringEvent.EXPIRATION_ALARM, com.inlocomedia.android.location.geofencing.GeofenceMonitoringEvent.POLLING_ALARM, com.inlocomedia.android.location.geofencing.GeofenceMonitoringEvent.NEW_GEOFENCES}" />
    </annotation>
  </item>
  <item name="com.inlocomedia.android.location.geofencing.GeofenceMonitoringEvent id">
    <annotation name="android.support.annotation.IntDef">
      <val name="value" val="{com.inlocomedia.android.location.geofencing.GeofenceMonitoringEvent.GOOGLE_GEOFENCING_API, com.inlocomedia.android.location.geofencing.GeofenceMonitoringEvent.EXPIRATION_ALARM, com.inlocomedia.android.location.geofencing.GeofenceMonitoringEvent.POLLING_ALARM, com.inlocomedia.android.location.geofencing.GeofenceMonitoringEvent.NEW_GEOFENCES}" />
    </annotation>
  </item>
  <item name="com.inlocomedia.android.location.geofencing.GeofenceMonitoringEvent transitionEvent">
    <annotation name="android.support.annotation.IntDef">
      <val name="value" val="{com.inlocomedia.android.location.geofencing.SimpleGeofence.GEOFENCING_TRANSITION_ENTER, com.inlocomedia.android.location.geofencing.SimpleGeofence.GEOFENCING_TRANSITION_EXIT, com.inlocomedia.android.location.geofencing.SimpleGeofence.GEOFENCING_TRANSITION_DWELL}" />
    </annotation>
  </item>
  <item name="com.inlocomedia.android.location.geofencing.GeofencesServerModel com.inlocomedia.android.location.geofencing.SimpleGeofence fromJson(int, org.json.JSONObject) 0">
    <annotation name="android.support.annotation.IntDef">
      <val name="value" val="{com.inlocomedia.android.location.geofencing.SimpleGeofence.TYPE_MACRO, com.inlocomedia.android.location.geofencing.SimpleGeofence.TYPE_MICRO}" />
    </annotation>
  </item>
  <item name="com.inlocomedia.android.location.geofencing.GeofencingAlarmHelper android.app.PendingIntent getPendingIntent(android.content.Context, int) 1">
    <annotation name="android.support.annotation.IntDef">
      <val name="value" val="{com.inlocomedia.android.location.geofencing.GeofencingAlarmHelper.ALARM_CODE_POLLING, com.inlocomedia.android.location.geofencing.GeofencingAlarmHelper.ALARM_CODE_MACRO_GEOFENCE_EXPIRED, com.inlocomedia.android.location.geofencing.GeofencingAlarmHelper.ALARM_CODE_SLEEP, com.inlocomedia.android.location.geofencing.GeofencingAlarmHelper.ALARM_CODE_RECOVERY, com.inlocomedia.android.location.geofencing.GeofencingAlarmHelper.ALARM_CODE_GEOFENCE_TRANSITION}" />
    </annotation>
  </item>
  <item name="com.inlocomedia.android.location.geofencing.GeofencingAlarmHelper android.app.PendingIntent getPendingIntent(int, android.os.Bundle) 0">
    <annotation name="android.support.annotation.IntDef">
      <val name="value" val="{com.inlocomedia.android.location.geofencing.GeofencingAlarmHelper.ALARM_CODE_POLLING, com.inlocomedia.android.location.geofencing.GeofencingAlarmHelper.ALARM_CODE_MACRO_GEOFENCE_EXPIRED, com.inlocomedia.android.location.geofencing.GeofencingAlarmHelper.ALARM_CODE_SLEEP, com.inlocomedia.android.location.geofencing.GeofencingAlarmHelper.ALARM_CODE_RECOVERY, com.inlocomedia.android.location.geofencing.GeofencingAlarmHelper.ALARM_CODE_GEOFENCE_TRANSITION}" />
    </annotation>
  </item>
  <item name="com.inlocomedia.android.location.geofencing.GeofencingAlarmHelper android.app.PendingIntent getPendingIntent(int, android.os.Bundle, int) 0">
    <annotation name="android.support.annotation.IntDef">
      <val name="value" val="{com.inlocomedia.android.location.geofencing.GeofencingAlarmHelper.ALARM_CODE_POLLING, com.inlocomedia.android.location.geofencing.GeofencingAlarmHelper.ALARM_CODE_MACRO_GEOFENCE_EXPIRED, com.inlocomedia.android.location.geofencing.GeofencingAlarmHelper.ALARM_CODE_SLEEP, com.inlocomedia.android.location.geofencing.GeofencingAlarmHelper.ALARM_CODE_RECOVERY, com.inlocomedia.android.location.geofencing.GeofencingAlarmHelper.ALARM_CODE_GEOFENCE_TRANSITION}" />
    </annotation>
  </item>
  <item name="com.inlocomedia.android.location.geofencing.GeofencingAlarmHelper boolean enableAlarm(android.content.Context, int, long) 1">
    <annotation name="android.support.annotation.IntDef">
      <val name="value" val="{com.inlocomedia.android.location.geofencing.GeofencingAlarmHelper.ALARM_CODE_POLLING, com.inlocomedia.android.location.geofencing.GeofencingAlarmHelper.ALARM_CODE_MACRO_GEOFENCE_EXPIRED, com.inlocomedia.android.location.geofencing.GeofencingAlarmHelper.ALARM_CODE_SLEEP, com.inlocomedia.android.location.geofencing.GeofencingAlarmHelper.ALARM_CODE_RECOVERY, com.inlocomedia.android.location.geofencing.GeofencingAlarmHelper.ALARM_CODE_GEOFENCE_TRANSITION}" />
    </annotation>
  </item>
  <item name="com.inlocomedia.android.location.geofencing.GeofencingAlarmHelper boolean enableAlarm(int, long, android.os.Bundle) 0">
    <annotation name="android.support.annotation.IntDef">
      <val name="value" val="{com.inlocomedia.android.location.geofencing.GeofencingAlarmHelper.ALARM_CODE_POLLING, com.inlocomedia.android.location.geofencing.GeofencingAlarmHelper.ALARM_CODE_MACRO_GEOFENCE_EXPIRED, com.inlocomedia.android.location.geofencing.GeofencingAlarmHelper.ALARM_CODE_SLEEP, com.inlocomedia.android.location.geofencing.GeofencingAlarmHelper.ALARM_CODE_RECOVERY, com.inlocomedia.android.location.geofencing.GeofencingAlarmHelper.ALARM_CODE_GEOFENCE_TRANSITION}" />
    </annotation>
  </item>
  <item name="com.inlocomedia.android.location.geofencing.GeofencingAlarmHelper boolean isAlarmActivated(android.content.Context, int) 1">
    <annotation name="android.support.annotation.IntDef">
      <val name="value" val="{com.inlocomedia.android.location.geofencing.GeofencingAlarmHelper.ALARM_CODE_POLLING, com.inlocomedia.android.location.geofencing.GeofencingAlarmHelper.ALARM_CODE_MACRO_GEOFENCE_EXPIRED, com.inlocomedia.android.location.geofencing.GeofencingAlarmHelper.ALARM_CODE_SLEEP, com.inlocomedia.android.location.geofencing.GeofencingAlarmHelper.ALARM_CODE_RECOVERY, com.inlocomedia.android.location.geofencing.GeofencingAlarmHelper.ALARM_CODE_GEOFENCE_TRANSITION}" />
    </annotation>
  </item>
  <item name="com.inlocomedia.android.location.geofencing.GeofencingAlarmHelper boolean isAlarmActivated(int) 0">
    <annotation name="android.support.annotation.IntDef">
      <val name="value" val="{com.inlocomedia.android.location.geofencing.GeofencingAlarmHelper.ALARM_CODE_POLLING, com.inlocomedia.android.location.geofencing.GeofencingAlarmHelper.ALARM_CODE_MACRO_GEOFENCE_EXPIRED, com.inlocomedia.android.location.geofencing.GeofencingAlarmHelper.ALARM_CODE_SLEEP, com.inlocomedia.android.location.geofencing.GeofencingAlarmHelper.ALARM_CODE_RECOVERY, com.inlocomedia.android.location.geofencing.GeofencingAlarmHelper.ALARM_CODE_GEOFENCE_TRANSITION}" />
    </annotation>
  </item>
  <item name="com.inlocomedia.android.location.geofencing.GeofencingAlarmHelper java.lang.String getAction(int) 0">
    <annotation name="android.support.annotation.IntDef">
      <val name="value" val="{com.inlocomedia.android.location.geofencing.GeofencingAlarmHelper.ALARM_CODE_POLLING, com.inlocomedia.android.location.geofencing.GeofencingAlarmHelper.ALARM_CODE_MACRO_GEOFENCE_EXPIRED, com.inlocomedia.android.location.geofencing.GeofencingAlarmHelper.ALARM_CODE_SLEEP, com.inlocomedia.android.location.geofencing.GeofencingAlarmHelper.ALARM_CODE_RECOVERY, com.inlocomedia.android.location.geofencing.GeofencingAlarmHelper.ALARM_CODE_GEOFENCE_TRANSITION}" />
    </annotation>
  </item>
  <item name="com.inlocomedia.android.location.geofencing.GeofencingAlarmHelper java.lang.String getAlarmCodeValue(int) 0">
    <annotation name="android.support.annotation.IntDef">
      <val name="value" val="{com.inlocomedia.android.location.geofencing.GeofencingAlarmHelper.ALARM_CODE_POLLING, com.inlocomedia.android.location.geofencing.GeofencingAlarmHelper.ALARM_CODE_MACRO_GEOFENCE_EXPIRED, com.inlocomedia.android.location.geofencing.GeofencingAlarmHelper.ALARM_CODE_SLEEP, com.inlocomedia.android.location.geofencing.GeofencingAlarmHelper.ALARM_CODE_RECOVERY, com.inlocomedia.android.location.geofencing.GeofencingAlarmHelper.ALARM_CODE_GEOFENCE_TRANSITION}" />
    </annotation>
  </item>
  <item name="com.inlocomedia.android.location.geofencing.GeofencingAlarmHelper void disableAlarm(android.content.Context, int) 1">
    <annotation name="android.support.annotation.IntDef">
      <val name="value" val="{com.inlocomedia.android.location.geofencing.GeofencingAlarmHelper.ALARM_CODE_POLLING, com.inlocomedia.android.location.geofencing.GeofencingAlarmHelper.ALARM_CODE_MACRO_GEOFENCE_EXPIRED, com.inlocomedia.android.location.geofencing.GeofencingAlarmHelper.ALARM_CODE_SLEEP, com.inlocomedia.android.location.geofencing.GeofencingAlarmHelper.ALARM_CODE_RECOVERY, com.inlocomedia.android.location.geofencing.GeofencingAlarmHelper.ALARM_CODE_GEOFENCE_TRANSITION}" />
    </annotation>
  </item>
  <item name="com.inlocomedia.android.location.geofencing.GeofencingAlarmHelper void disableAlarm(int) 0">
    <annotation name="android.support.annotation.IntDef">
      <val name="value" val="{com.inlocomedia.android.location.geofencing.GeofencingAlarmHelper.ALARM_CODE_POLLING, com.inlocomedia.android.location.geofencing.GeofencingAlarmHelper.ALARM_CODE_MACRO_GEOFENCE_EXPIRED, com.inlocomedia.android.location.geofencing.GeofencingAlarmHelper.ALARM_CODE_SLEEP, com.inlocomedia.android.location.geofencing.GeofencingAlarmHelper.ALARM_CODE_RECOVERY, com.inlocomedia.android.location.geofencing.GeofencingAlarmHelper.ALARM_CODE_GEOFENCE_TRANSITION}" />
    </annotation>
  </item>
  <item name="com.inlocomedia.android.location.geofencing.GeofencingEvent GeofencingEvent(int, com.inlocomedia.android.location.models.LocationResult, java.lang.String, java.util.List&lt;com.inlocomedia.android.location.geofencing.SimpleGeofence&gt;) 0">
    <annotation name="android.support.annotation.IntDef">
      <val name="value" val="{com.inlocomedia.android.location.geofencing.GeofencingEventsHandler.EVENT_ENTER, com.inlocomedia.android.location.geofencing.GeofencingEventsHandler.EVENT_EXIT, com.inlocomedia.android.location.geofencing.GeofencingEventsHandler.EVENT_DWELL, com.inlocomedia.android.location.geofencing.GeofencingEventsHandler.EVENT_POLLING, com.inlocomedia.android.location.geofencing.GeofencingEventsHandler.EVENT_EXPIRATION}" />
    </annotation>
  </item>
  <item name="com.inlocomedia.android.location.geofencing.GeofencingEvent int getGeofencingTransition()">
    <annotation name="android.support.annotation.IntDef">
      <val name="value" val="{com.inlocomedia.android.location.geofencing.GeofencingEventsHandler.EVENT_ENTER, com.inlocomedia.android.location.geofencing.GeofencingEventsHandler.EVENT_EXIT, com.inlocomedia.android.location.geofencing.GeofencingEventsHandler.EVENT_DWELL, com.inlocomedia.android.location.geofencing.GeofencingEventsHandler.EVENT_POLLING, com.inlocomedia.android.location.geofencing.GeofencingEventsHandler.EVENT_EXPIRATION}" />
    </annotation>
  </item>
  <item name="com.inlocomedia.android.location.geofencing.GeofencingEvent mGeofencingTransition">
    <annotation name="android.support.annotation.IntDef">
      <val name="value" val="{com.inlocomedia.android.location.geofencing.GeofencingEventsHandler.EVENT_ENTER, com.inlocomedia.android.location.geofencing.GeofencingEventsHandler.EVENT_EXIT, com.inlocomedia.android.location.geofencing.GeofencingEventsHandler.EVENT_DWELL, com.inlocomedia.android.location.geofencing.GeofencingEventsHandler.EVENT_POLLING, com.inlocomedia.android.location.geofencing.GeofencingEventsHandler.EVENT_EXPIRATION}" />
    </annotation>
  </item>
  <item name="com.inlocomedia.android.location.geofencing.GeofencingEventsHandler.Events">
    <annotation name="android.support.annotation.IntDef">
      <val name="value" val="{com.inlocomedia.android.location.geofencing.GeofencingEventsHandler.EVENT_ENTER, com.inlocomedia.android.location.geofencing.GeofencingEventsHandler.EVENT_EXIT, com.inlocomedia.android.location.geofencing.GeofencingEventsHandler.EVENT_DWELL, com.inlocomedia.android.location.geofencing.GeofencingEventsHandler.EVENT_POLLING, com.inlocomedia.android.location.geofencing.GeofencingEventsHandler.EVENT_EXPIRATION}" />
    </annotation>
  </item>
  <item name="com.inlocomedia.android.location.geofencing.GeofencingEventsListener void onGeofenceEvent(android.content.Context, int, java.util.Collection&lt;com.inlocomedia.android.location.geofencing.SimpleGeofence&gt;) 1">
    <annotation name="android.support.annotation.IntDef">
      <val name="value" val="{com.inlocomedia.android.location.geofencing.GeofencingEventsHandler.EVENT_ENTER, com.inlocomedia.android.location.geofencing.GeofencingEventsHandler.EVENT_EXIT, com.inlocomedia.android.location.geofencing.GeofencingEventsHandler.EVENT_DWELL, com.inlocomedia.android.location.geofencing.GeofencingEventsHandler.EVENT_POLLING, com.inlocomedia.android.location.geofencing.GeofencingEventsHandler.EVENT_EXPIRATION}" />
    </annotation>
  </item>
  <item name="com.inlocomedia.android.location.geofencing.SimpleGeofence type">
    <annotation name="android.support.annotation.IntDef">
      <val name="value" val="{com.inlocomedia.android.location.geofencing.SimpleGeofence.TYPE_MACRO, com.inlocomedia.android.location.geofencing.SimpleGeofence.TYPE_MICRO}" />
    </annotation>
  </item>
  <item name="com.inlocomedia.android.location.geofencing.SimpleGeofence.Builder type">
    <annotation name="android.support.annotation.IntDef">
      <val name="value" val="{com.inlocomedia.android.location.geofencing.SimpleGeofence.TYPE_MACRO, com.inlocomedia.android.location.geofencing.SimpleGeofence.TYPE_MICRO}" />
    </annotation>
  </item>
  <item name="com.inlocomedia.android.location.geofencing.SimpleGeofence.GeofenceType">
    <annotation name="android.support.annotation.IntDef">
      <val name="value" val="{com.inlocomedia.android.location.geofencing.SimpleGeofence.TYPE_MACRO, com.inlocomedia.android.location.geofencing.SimpleGeofence.TYPE_MICRO}" />
    </annotation>
  </item>
  <item name="com.inlocomedia.android.location.geofencing.SimpleGeofence.GeofencingTransition">
    <annotation name="android.support.annotation.IntDef">
      <val name="value" val="{com.inlocomedia.android.location.geofencing.SimpleGeofence.GEOFENCING_TRANSITION_ENTER, com.inlocomedia.android.location.geofencing.SimpleGeofence.GEOFENCING_TRANSITION_EXIT, com.inlocomedia.android.location.geofencing.SimpleGeofence.GEOFENCING_TRANSITION_DWELL}" />
    </annotation>
  </item>
</root>

