<?xml version="1.0" encoding="UTF-8"?>
<root>
  <item name="com.inlocomedia.android.location.models.LocationData int getLocationPermission()">
    <annotation name="android.support.annotation.IntDef">
      <val name="value" val="{com.inlocomedia.android.location.models.LocationData.PERMISSION_NONE, com.inlocomedia.android.location.models.LocationData.PERMISSION_COARSE, com.inlocomedia.android.location.models.LocationData.PERMISSION_FINE}" />
    </annotation>
  </item>
  <item name="com.inlocomedia.android.location.models.LocationData locationPermission">
    <annotation name="android.support.annotation.IntDef">
      <val name="value" val="{com.inlocomedia.android.location.models.LocationData.PERMISSION_NONE, com.inlocomedia.android.location.models.LocationData.PERMISSION_COARSE, com.inlocomedia.android.location.models.LocationData.PERMISSION_FINE}" />
    </annotation>
  </item>
  <item name="com.inlocomedia.android.location.models.LocationData void setLocationPermission(int) 0">
    <annotation name="android.support.annotation.IntDef">
      <val name="value" val="{com.inlocomedia.android.location.models.LocationData.PERMISSION_NONE, com.inlocomedia.android.location.models.LocationData.PERMISSION_COARSE, com.inlocomedia.android.location.models.LocationData.PERMISSION_FINE}" />
    </annotation>
  </item>
</root>

