<?xml version="1.0" encoding="UTF-8"?>
<root>
  <item name="com.inlocomedia.android.location.connectivity.NetworkConnectionEvent com.inlocomedia.android.location.connectivity.NetworkConnectionEvent createConnectionEvent(int, int) 0">
    <annotation name="android.support.annotation.IntDef">
      <val name="value" val="{com.inlocomedia.android.location.connectivity.NetworkConnectionEvent.NONE, com.inlocomedia.android.location.connectivity.NetworkConnectionEvent.WIFI, com.inlocomedia.android.location.connectivity.NetworkConnectionEvent.MOBILE, com.inlocomedia.android.location.connectivity.NetworkConnectionEvent.BLUETOOTH}" />
    </annotation>
  </item>
  <item name="com.inlocomedia.android.location.connectivity.NetworkConnectionEvent com.inlocomedia.android.location.connectivity.NetworkConnectionEvent createConnectionEvent(int, int) 1">
    <annotation name="android.support.annotation.IntDef">
      <val name="value" val="{com.inlocomedia.android.location.connectivity.NetworkConnectionEvent.UNKNOWN, com.inlocomedia.android.location.connectivity.NetworkConnectionEvent.CONNECTED, com.inlocomedia.android.location.connectivity.NetworkConnectionEvent.DISCONNECTED}" />
    </annotation>
  </item>
  <item name="com.inlocomedia.android.location.connectivity.NetworkConnectionEvent com.inlocomedia.android.location.connectivity.NetworkConnectionEvent createMobileConnectionEvent(int, java.lang.String, java.util.List&lt;java.lang.String&gt;) 0">
    <annotation name="android.support.annotation.IntDef">
      <val name="value" val="{com.inlocomedia.android.location.connectivity.NetworkConnectionEvent.UNKNOWN, com.inlocomedia.android.location.connectivity.NetworkConnectionEvent.CONNECTED, com.inlocomedia.android.location.connectivity.NetworkConnectionEvent.DISCONNECTED}" />
    </annotation>
  </item>
  <item name="com.inlocomedia.android.location.connectivity.NetworkConnectionEvent com.inlocomedia.android.location.connectivity.NetworkConnectionEvent createWifiConnectionEvent(int, java.lang.String) 0">
    <annotation name="android.support.annotation.IntDef">
      <val name="value" val="{com.inlocomedia.android.location.connectivity.NetworkConnectionEvent.UNKNOWN, com.inlocomedia.android.location.connectivity.NetworkConnectionEvent.CONNECTED, com.inlocomedia.android.location.connectivity.NetworkConnectionEvent.DISCONNECTED}" />
    </annotation>
  </item>
  <item name="com.inlocomedia.android.location.connectivity.NetworkConnectionEvent connectionState">
    <annotation name="android.support.annotation.IntDef">
      <val name="value" val="{com.inlocomedia.android.location.connectivity.NetworkConnectionEvent.UNKNOWN, com.inlocomedia.android.location.connectivity.NetworkConnectionEvent.CONNECTED, com.inlocomedia.android.location.connectivity.NetworkConnectionEvent.DISCONNECTED}" />
    </annotation>
  </item>
  <item name="com.inlocomedia.android.location.connectivity.NetworkConnectionEvent connectionType">
    <annotation name="android.support.annotation.IntDef">
      <val name="value" val="{com.inlocomedia.android.location.connectivity.NetworkConnectionEvent.NONE, com.inlocomedia.android.location.connectivity.NetworkConnectionEvent.WIFI, com.inlocomedia.android.location.connectivity.NetworkConnectionEvent.MOBILE, com.inlocomedia.android.location.connectivity.NetworkConnectionEvent.BLUETOOTH}" />
    </annotation>
  </item>
  <item name="com.inlocomedia.android.location.connectivity.NetworkConnectionEvent int getConnectionType()">
    <annotation name="android.support.annotation.IntDef">
      <val name="value" val="{com.inlocomedia.android.location.connectivity.NetworkConnectionEvent.NONE, com.inlocomedia.android.location.connectivity.NetworkConnectionEvent.WIFI, com.inlocomedia.android.location.connectivity.NetworkConnectionEvent.MOBILE, com.inlocomedia.android.location.connectivity.NetworkConnectionEvent.BLUETOOTH}" />
    </annotation>
  </item>
  <item name="com.inlocomedia.android.location.connectivity.NetworkConnectionEvent int getStateFromNetworkInfo(android.net.NetworkInfo)">
    <annotation name="android.support.annotation.IntDef">
      <val name="value" val="{com.inlocomedia.android.location.connectivity.NetworkConnectionEvent.UNKNOWN, com.inlocomedia.android.location.connectivity.NetworkConnectionEvent.CONNECTED, com.inlocomedia.android.location.connectivity.NetworkConnectionEvent.DISCONNECTED}" />
    </annotation>
  </item>
  <item name="com.inlocomedia.android.location.connectivity.NetworkConnectionEvent int getTypeFromNetworkInfo(android.net.NetworkInfo)">
    <annotation name="android.support.annotation.IntDef">
      <val name="value" val="{com.inlocomedia.android.location.connectivity.NetworkConnectionEvent.NONE, com.inlocomedia.android.location.connectivity.NetworkConnectionEvent.WIFI, com.inlocomedia.android.location.connectivity.NetworkConnectionEvent.MOBILE, com.inlocomedia.android.location.connectivity.NetworkConnectionEvent.BLUETOOTH}" />
    </annotation>
  </item>
  <item name="com.inlocomedia.android.location.connectivity.NetworkConnectionEvent.ConnectionState">
    <annotation name="android.support.annotation.IntDef">
      <val name="value" val="{com.inlocomedia.android.location.connectivity.NetworkConnectionEvent.UNKNOWN, com.inlocomedia.android.location.connectivity.NetworkConnectionEvent.CONNECTED, com.inlocomedia.android.location.connectivity.NetworkConnectionEvent.DISCONNECTED}" />
    </annotation>
  </item>
  <item name="com.inlocomedia.android.location.connectivity.NetworkConnectionEvent.ConnectionType">
    <annotation name="android.support.annotation.IntDef">
      <val name="value" val="{com.inlocomedia.android.location.connectivity.NetworkConnectionEvent.NONE, com.inlocomedia.android.location.connectivity.NetworkConnectionEvent.WIFI, com.inlocomedia.android.location.connectivity.NetworkConnectionEvent.MOBILE, com.inlocomedia.android.location.connectivity.NetworkConnectionEvent.BLUETOOTH}" />
    </annotation>
  </item>
</root>

