<?xml version="1.0" encoding="UTF-8"?>
<root>
  <item name="com.inlocomedia.android.ads.nativeads.adapters.NativeAdAdapterManager java.lang.String getExhibitionMode()">
    <annotation name="android.support.annotation.StringDef">
      <val name="value" val="{com.inlocomedia.android.ads.nativeads.adapters.NativeAdAdapterManager.IMMEDIATELY, com.inlocomedia.android.ads.nativeads.adapters.NativeAdAdapterManager.AFTER_SCROLLING}" />
    </annotation>
  </item>
  <item name="com.inlocomedia.android.ads.nativeads.adapters.NativeAdAdapterManager mExhibitionMode">
    <annotation name="android.support.annotation.StringDef">
      <val name="value" val="{com.inlocomedia.android.ads.nativeads.adapters.NativeAdAdapterManager.IMMEDIATELY, com.inlocomedia.android.ads.nativeads.adapters.NativeAdAdapterManager.AFTER_SCROLLING}" />
    </annotation>
  </item>
  <item name="com.inlocomedia.android.ads.nativeads.adapters.NativeAdAdapterManager.ExhibitionMode">
    <annotation name="android.support.annotation.StringDef">
      <val name="value" val="{com.inlocomedia.android.ads.nativeads.adapters.NativeAdAdapterManager.IMMEDIATELY, com.inlocomedia.android.ads.nativeads.adapters.NativeAdAdapterManager.AFTER_SCROLLING}" />
    </annotation>
  </item>
</root>

